"","LOB","MC","ROB"
"Low_Prob_1",5903.4089627027,4960.9807940201,11565.1563581778
"Low_Prob_2",NA,NA,NA
"Low_Prob_3",NA,NA,NA
"Low_Prob_4",NA,NA,NA
"Med_Prob_1",70.327815118666,74.0058566232915,1027.0208035481
"Med_Prob_2",4779.70223763235,4089.29760985305,10160.3618646819
"Med_Prob_3",NA,NA,NA
"Med_Prob_4",NA,NA,NA
"High_Prob_1",461.042236183533,457.652319051611,2732.65710378667
"High_Prob_2",3354.51265553892,2952.99126697343,8223.14040840418
"High_Prob_3",NA,NA,NA
"High_Prob_4",NA,NA,NA
