"","LOB","MC","ROB"
"Low_Prob_1",202.315074237571,199.987037801155,199.999012919775
"Low_Prob_2",NA,NA,NA
"Low_Prob_3",NA,NA,NA
"Low_Prob_4",NA,NA,NA
"Med_Prob_1",70.6441590103247,12.2820008790832,9.80359222324598
"Med_Prob_2",169.519119390099,199.970642374771,199.980342522826
"Med_Prob_3",NA,NA,NA
"Med_Prob_4",NA,NA,NA
"High_Prob_1",NA,96.1443274443993,107.179354117351
"High_Prob_2",NA,166.955312810277,199.961672125877
"High_Prob_3",NA,NA,NA
"High_Prob_4",NA,NA,NA
