"","LOB","MC","ROB"
"Low_Prob_Lower",NA,NA,NA
"Low_Prob_Upper",6546.00007620137,5090.35432369438,12448.7037757534
"Med_Prob_Lower",NA,75.5555348362208,1193.5692511619
"Med_Prob_Upper",5379.80310186309,4196.02251574288,10981.0261094826
"High_Prob_Lower",528.948084974298,468.182202555803,3063.09826392401
"High_Prob_Upper",3867.95267608647,3029.42209432663,8942.33718417396
