"","LOB","MC","ROB"
"Low_Prob_1",5748.88159535787,859.484570214081,5748.88159535787
"Low_Prob_2",NA,NA,NA
"Low_Prob_3",NA,NA,NA
"Low_Prob_4",NA,NA,NA
"Med_Prob_1",122.685084945045,6.59143298628796,122.685084945045
"Med_Prob_2",4842.14616718674,660.675600870969,4842.14616718674
"Med_Prob_3",NA,NA,NA
"Med_Prob_4",NA,NA,NA
"High_Prob_1",674.350537364405,46.8493255981137,674.350537364405
"High_Prob_2",3624.86454684415,430.429332645761,3624.86454684415
"High_Prob_3",NA,NA,NA
"High_Prob_4",NA,NA,NA
