"","LOB","MC","ROB"
"Low_Prob_1",4012.49858818808,7040.0336143493,5817.68849670284
"Low_Prob_2",NA,NA,NA
"Low_Prob_3",NA,NA,NA
"Low_Prob_4",NA,NA,NA
"Med_Prob_1",41.995425849301,291.363421929905,75.7534856007964
"Med_Prob_2",3209.09280808636,6070.44202906412,4738.31675791761
"Med_Prob_3",NA,NA,NA
"Med_Prob_4",NA,NA,NA
"High_Prob_1",283.251085733705,1183.97536172529,484.876384607047
"High_Prob_2",2210.14757348273,4742.80985622596,3360.04239862566
"High_Prob_3",NA,NA,NA
"High_Prob_4",NA,NA,NA
