"","LOB","MC","ROB"
"Low_Prob_1",1847.01675863535,632.1034345097,1834.50454389213
"Low_Prob_2",NA,NA,NA
"Low_Prob_3",NA,NA,NA
"Low_Prob_4",NA,NA,NA
"Med_Prob_1",16.5755677804505,5.38675979626472,16.3193690834599
"Med_Prob_2",1451.95677067699,493.530734980281,1440.97606917916
"Med_Prob_3",NA,NA,NA
"Med_Prob_4",NA,NA,NA
"High_Prob_1",115.071956014571,37.7106513302307,113.490303889355
"High_Prob_2",974.956553995171,328.271740307606,966.298894850876
"High_Prob_3",NA,NA,NA
"High_Prob_4",NA,NA,NA
