"","LOB","MC","ROB"
"Low_Prob_1",6444.99275189409,7449.44287086125,5405.83722338758
"Low_Prob_2",NA,NA,NA
"Low_Prob_3",NA,NA,NA
"Low_Prob_4",NA,NA,NA
"Med_Prob_1",112.540406851873,271.087858075988,72.713656084233
"Med_Prob_2",5352.46850891851,6399.50417930414,4417.50366561015
"Med_Prob_3",NA,NA,NA
"Med_Prob_4",NA,NA,NA
"High_Prob_1",659.783555132649,1176.17764860832,461.96507238801
"High_Prob_2",3919.67832598788,4966.15417017009,3147.57554294758
"High_Prob_3",NA,NA,NA
"High_Prob_4",NA,NA,NA
