"","LOB","MC","ROB"
"Low_Prob_1",20014.3937453268,1597.15787039556,19552.8646734063
"Low_Prob_2",NA,NA,NA
"Low_Prob_3",NA,NA,NA
"Low_Prob_4",NA,NA,NA
"Med_Prob_1",1847.6886741935,995.212653160802,1797.98209806242
"Med_Prob_2",17688.7369895359,NA,17266.5376841019
"Med_Prob_3",NA,NA,NA
"Med_Prob_4",NA,NA,NA
"High_Prob_1",4888.73002203991,391.451527003624,4759.82897405321
"High_Prob_2",14424.4781623303,NA,14070.9189045016
"High_Prob_3",NA,NA,NA
"High_Prob_4",NA,NA,NA
