"","LOB","MC","ROB"
"Low_Prob_1",2895.88446420894,1727.86040902448,2895.88446420894
"Low_Prob_2",NA,NA,NA
"Low_Prob_3",NA,NA,NA
"Low_Prob_4",NA,NA,NA
"Med_Prob_1",85.286205256148,1346.23860043097,85.286205256148
"Med_Prob_2",2372.42941115462,NA,2372.42941115462
"Med_Prob_3",NA,NA,NA
"Med_Prob_4",NA,NA,NA
"High_Prob_1",321.150060919593,876.723551404591,321.150060919593
"High_Prob_2",1710.03769216996,NA,1710.03769216996
"High_Prob_3",NA,NA,NA
"High_Prob_4",NA,NA,NA
