"","LOB","MC","ROB"
"Low_Prob_1",8161.4011351084,4612.88521813093,8114.29861149452
"Low_Prob_2",NA,NA,NA
"Low_Prob_3",NA,NA,NA
"Low_Prob_4",NA,NA,NA
"Med_Prob_1",141.247547995272,3640.0451507375,139.816282768022
"Med_Prob_2",6783.79398113084,NA,6742.64021078581
"Med_Prob_3",NA,NA,NA
"Med_Prob_4",NA,NA,NA
"High_Prob_1",832.757998390913,290.400709918383,825.489626753585
"High_Prob_2",4971.61100196649,2453.35312182016,4939.29015758452
"High_Prob_3",NA,NA,NA
"High_Prob_4",NA,NA,NA
