"","LOB","MC","ROB"
"Low_Prob_1",8547.43747858065,5266.21540998952,11350.510625905
"Low_Prob_2",NA,NA,NA
"Low_Prob_3",NA,NA,NA
"Low_Prob_4",NA,NA,NA
"Med_Prob_1",639.896261163099,72.810232559815,894.752923369105
"Med_Prob_2",6968.65947940113,4312.67179129531,9926.27997421724
"Med_Prob_3",NA,NA,NA
"Med_Prob_4",NA,NA,NA
"High_Prob_1",1304.99168967572,459.214260426086,2534.02813565096
"High_Prob_2",5053.64190362118,3083.41083372121,7975.15421526511
"High_Prob_3",NA,NA,NA
"High_Prob_4",NA,NA,NA
