"","LOB","MC","ROB"
"Low_Prob_1",27975.5626960334,3057.84229888921,NA
"Low_Prob_2",NA,NA,NA
"Low_Prob_3",NA,NA,NA
"Low_Prob_4",NA,NA,NA
"Med_Prob_1",7859.59329113817,18.3266354959051,18222.9451760226
"Med_Prob_2",25440.9317167609,2257.38717043141,NA
"Med_Prob_3",NA,NA,NA
"Med_Prob_4",NA,NA,NA
"High_Prob_1",10887.2385922287,134.348462669055,24532.988027174
"High_Prob_2",22906.3007374884,1395.61145052817,NA
"High_Prob_3",NA,NA,NA
"High_Prob_4",NA,NA,NA
