"","LOB","MC","ROB"
"Low_Prob_Lower",26.2292575836182,NA,NA
"Low_Prob_Upper",207.389430631351,488.17423790916,3132.91755868705
"Med_Prob_Lower",26.2292575836182,NA,NA
"Med_Prob_Upper",70.0060570808801,252.966675912098,2210.28624704614
"High_Prob_Lower",NA,NA,NA
"High_Prob_Upper",NA,NA,NA
